study_id,fold
1.2.826.0.1.3680043.10001,0
1.2.826.0.1.3680043.10005,4
1.2.826.0.1.3680043.10014,1
1.2.826.0.1.3680043.10016,0
1.2.826.0.1.3680043.10032,3
1.2.826.0.1.3680043.10041,0
1.2.826.0.1.3680043.10051,3
1.2.826.0.1.3680043.10058,1
1.2.826.0.1.3680043.10062,3
1.2.826.0.1.3680043.1010,3
1.2.826.0.1.3680043.10136,0
1.2.826.0.1.3680043.1016,4
1.2.826.0.1.3680043.10179,4
1.2.826.0.1.3680043.10204,3
1.2.826.0.1.3680043.10230,4
1.2.826.0.1.3680043.10261,0
1.2.826.0.1.3680043.10360,1
1.2.826.0.1.3680043.10400,2
1.2.826.0.1.3680043.10412,2
1.2.826.0.1.3680043.10431,4
1.2.826.0.1.3680043.10443,3
1.2.826.0.1.3680043.10449,0
1.2.826.0.1.3680043.10515,1
1.2.826.0.1.3680043.10520,3
1.2.826.0.1.3680043.10541,0
1.2.826.0.1.3680043.10579,4
1.2.826.0.1.3680043.10606,2
1.2.826.0.1.3680043.10608,2
1.2.826.0.1.3680043.10614,0
1.2.826.0.1.3680043.1062,4
1.2.826.0.1.3680043.10628,3
1.2.826.0.1.3680043.10633,1
1.2.826.0.1.3680043.10639,0
1.2.826.0.1.3680043.10673,1
1.2.826.0.1.3680043.10678,2
1.2.826.0.1.3680043.10697,4
1.2.826.0.1.3680043.1071,1
1.2.826.0.1.3680043.10725,1
1.2.826.0.1.3680043.10732,3
1.2.826.0.1.3680043.10742,4
1.2.826.0.1.3680043.10776,1
1.2.826.0.1.3680043.10781,2
1.2.826.0.1.3680043.10815,0
1.2.826.0.1.3680043.10842,3
1.2.826.0.1.3680043.10856,0
1.2.826.0.1.3680043.10909,4
1.2.826.0.1.3680043.10921,2
1.2.826.0.1.3680043.10945,3
1.2.826.0.1.3680043.11013,0
1.2.826.0.1.3680043.11015,0
1.2.826.0.1.3680043.1102,4
1.2.826.0.1.3680043.11020,1
1.2.826.0.1.3680043.11026,4
1.2.826.0.1.3680043.1107,2
1.2.826.0.1.3680043.11090,4
1.2.826.0.1.3680043.11103,4
1.2.826.0.1.3680043.11116,1
1.2.826.0.1.3680043.11118,4
1.2.826.0.1.3680043.11121,4
1.2.826.0.1.3680043.11192,2
1.2.826.0.1.3680043.11202,1
1.2.826.0.1.3680043.11227,1
1.2.826.0.1.3680043.11245,4
1.2.826.0.1.3680043.11254,1
1.2.826.0.1.3680043.11281,3
1.2.826.0.1.3680043.11300,3
1.2.826.0.1.3680043.11348,0
1.2.826.0.1.3680043.11377,0
1.2.826.0.1.3680043.11384,3
1.2.826.0.1.3680043.11392,4
1.2.826.0.1.3680043.11401,2
1.2.826.0.1.3680043.11428,2
1.2.826.0.1.3680043.11506,0
1.2.826.0.1.3680043.1151,2
1.2.826.0.1.3680043.11515,2
1.2.826.0.1.3680043.11605,3
1.2.826.0.1.3680043.11606,0
1.2.826.0.1.3680043.11610,4
1.2.826.0.1.3680043.11617,1
1.2.826.0.1.3680043.11644,1
1.2.826.0.1.3680043.11645,0
1.2.826.0.1.3680043.11654,3
1.2.826.0.1.3680043.11659,1
1.2.826.0.1.3680043.11664,3
1.2.826.0.1.3680043.1168,3
1.2.826.0.1.3680043.11683,4
1.2.826.0.1.3680043.11685,1
1.2.826.0.1.3680043.11691,1
1.2.826.0.1.3680043.11692,2
1.2.826.0.1.3680043.11709,2
1.2.826.0.1.3680043.11718,4
1.2.826.0.1.3680043.11727,0
1.2.826.0.1.3680043.11743,4
1.2.826.0.1.3680043.11757,0
1.2.826.0.1.3680043.1177,4
1.2.826.0.1.3680043.1181,1
1.2.826.0.1.3680043.11827,4
1.2.826.0.1.3680043.11834,0
1.2.826.0.1.3680043.11849,0
1.2.826.0.1.3680043.11856,2
1.2.826.0.1.3680043.1187,3
1.2.826.0.1.3680043.11870,1
1.2.826.0.1.3680043.11899,2
1.2.826.0.1.3680043.11901,0
1.2.826.0.1.3680043.1195,2
1.2.826.0.1.3680043.11988,0
1.2.826.0.1.3680043.120,0
1.2.826.0.1.3680043.12013,0
1.2.826.0.1.3680043.12031,3
1.2.826.0.1.3680043.12053,4
1.2.826.0.1.3680043.12095,2
1.2.826.0.1.3680043.12100,1
1.2.826.0.1.3680043.12109,2
1.2.826.0.1.3680043.12121,1
1.2.826.0.1.3680043.12125,0
1.2.826.0.1.3680043.12131,3
1.2.826.0.1.3680043.12138,0
1.2.826.0.1.3680043.12140,2
1.2.826.0.1.3680043.12145,0
1.2.826.0.1.3680043.12152,3
1.2.826.0.1.3680043.12161,1
1.2.826.0.1.3680043.12168,3
1.2.826.0.1.3680043.12182,1
1.2.826.0.1.3680043.12189,2
1.2.826.0.1.3680043.12233,1
1.2.826.0.1.3680043.12253,2
1.2.826.0.1.3680043.12259,3
1.2.826.0.1.3680043.12275,1
1.2.826.0.1.3680043.12281,4
1.2.826.0.1.3680043.12282,4
1.2.826.0.1.3680043.12292,2
1.2.826.0.1.3680043.12314,2
1.2.826.0.1.3680043.12328,3
1.2.826.0.1.3680043.12341,3
1.2.826.0.1.3680043.12351,3
1.2.826.0.1.3680043.12359,1
1.2.826.0.1.3680043.12361,2
1.2.826.0.1.3680043.12384,0
1.2.826.0.1.3680043.1239,3
1.2.826.0.1.3680043.12395,3
1.2.826.0.1.3680043.12409,1
1.2.826.0.1.3680043.12434,0
1.2.826.0.1.3680043.12453,1
1.2.826.0.1.3680043.12487,4
1.2.826.0.1.3680043.1252,4
1.2.826.0.1.3680043.12532,1
1.2.826.0.1.3680043.12533,4
1.2.826.0.1.3680043.12549,2
1.2.826.0.1.3680043.12550,0
1.2.826.0.1.3680043.12587,0
1.2.826.0.1.3680043.12625,3
1.2.826.0.1.3680043.12632,0
1.2.826.0.1.3680043.12636,3
1.2.826.0.1.3680043.12639,1
1.2.826.0.1.3680043.12654,2
1.2.826.0.1.3680043.12655,1
1.2.826.0.1.3680043.12666,1
1.2.826.0.1.3680043.12673,4
1.2.826.0.1.3680043.12675,2
1.2.826.0.1.3680043.12695,2
1.2.826.0.1.3680043.12702,0
1.2.826.0.1.3680043.1271,0
1.2.826.0.1.3680043.12718,1
1.2.826.0.1.3680043.12727,2
1.2.826.0.1.3680043.12764,0
1.2.826.0.1.3680043.12767,3
1.2.826.0.1.3680043.12785,1
1.2.826.0.1.3680043.128,3
1.2.826.0.1.3680043.12800,0
1.2.826.0.1.3680043.12814,2
1.2.826.0.1.3680043.12833,2
1.2.826.0.1.3680043.1286,1
1.2.826.0.1.3680043.12863,4
1.2.826.0.1.3680043.12873,2
1.2.826.0.1.3680043.12879,4
1.2.826.0.1.3680043.1291,4
1.2.826.0.1.3680043.12949,1
1.2.826.0.1.3680043.12956,4
1.2.826.0.1.3680043.1298,2
1.2.826.0.1.3680043.12998,1
1.2.826.0.1.3680043.13037,1
1.2.826.0.1.3680043.13056,3
1.2.826.0.1.3680043.13063,2
1.2.826.0.1.3680043.13064,3
1.2.826.0.1.3680043.13068,1
1.2.826.0.1.3680043.13082,0
1.2.826.0.1.3680043.1309,3
1.2.826.0.1.3680043.13091,2
1.2.826.0.1.3680043.13096,3
1.2.826.0.1.3680043.13114,1
1.2.826.0.1.3680043.13128,0
1.2.826.0.1.3680043.13153,3
1.2.826.0.1.3680043.13155,3
1.2.826.0.1.3680043.13196,4
1.2.826.0.1.3680043.13197,1
1.2.826.0.1.3680043.13203,4
1.2.826.0.1.3680043.1321,1
1.2.826.0.1.3680043.13229,0
1.2.826.0.1.3680043.13237,4
1.2.826.0.1.3680043.13324,3
1.2.826.0.1.3680043.13337,0
1.2.826.0.1.3680043.1334,2
1.2.826.0.1.3680043.13357,1
1.2.826.0.1.3680043.13359,3
1.2.826.0.1.3680043.13360,3
1.2.826.0.1.3680043.13374,3
1.2.826.0.1.3680043.13395,4
1.2.826.0.1.3680043.13401,0
1.2.826.0.1.3680043.13405,2
1.2.826.0.1.3680043.13431,4
1.2.826.0.1.3680043.1344,2
1.2.826.0.1.3680043.13440,4
1.2.826.0.1.3680043.13444,4
1.2.826.0.1.3680043.13446,4
1.2.826.0.1.3680043.13447,4
1.2.826.0.1.3680043.13451,0
1.2.826.0.1.3680043.13457,4
1.2.826.0.1.3680043.13471,3
1.2.826.0.1.3680043.13477,1
1.2.826.0.1.3680043.13479,1
1.2.826.0.1.3680043.13481,1
1.2.826.0.1.3680043.13505,1
1.2.826.0.1.3680043.13509,4
1.2.826.0.1.3680043.13519,0
1.2.826.0.1.3680043.13561,4
1.2.826.0.1.3680043.13571,3
1.2.826.0.1.3680043.13587,2
1.2.826.0.1.3680043.13591,4
1.2.826.0.1.3680043.13596,1
1.2.826.0.1.3680043.1363,3
1.2.826.0.1.3680043.13646,0
1.2.826.0.1.3680043.13703,1
1.2.826.0.1.3680043.1371,4
1.2.826.0.1.3680043.13743,4
1.2.826.0.1.3680043.13746,2
1.2.826.0.1.3680043.13756,1
1.2.826.0.1.3680043.13783,4
1.2.826.0.1.3680043.1381,3
1.2.826.0.1.3680043.13810,2
1.2.826.0.1.3680043.13814,2
1.2.826.0.1.3680043.13820,4
1.2.826.0.1.3680043.13902,3
1.2.826.0.1.3680043.13913,2
1.2.826.0.1.3680043.13917,4
1.2.826.0.1.3680043.13943,0
1.2.826.0.1.3680043.13950,3
1.2.826.0.1.3680043.13954,2
1.2.826.0.1.3680043.13967,2
1.2.826.0.1.3680043.13969,0
1.2.826.0.1.3680043.13975,4
1.2.826.0.1.3680043.14,1
1.2.826.0.1.3680043.14009,0
1.2.826.0.1.3680043.14012,3
1.2.826.0.1.3680043.14029,3
1.2.826.0.1.3680043.14038,2
1.2.826.0.1.3680043.14059,3
1.2.826.0.1.3680043.1406,1
1.2.826.0.1.3680043.14070,0
1.2.826.0.1.3680043.14071,2
1.2.826.0.1.3680043.14078,2
1.2.826.0.1.3680043.14087,0
1.2.826.0.1.3680043.14089,0
1.2.826.0.1.3680043.14093,1
1.2.826.0.1.3680043.14157,0
1.2.826.0.1.3680043.14174,2
1.2.826.0.1.3680043.14186,1
1.2.826.0.1.3680043.142,1
1.2.826.0.1.3680043.14232,1
1.2.826.0.1.3680043.14234,4
1.2.826.0.1.3680043.14262,0
1.2.826.0.1.3680043.14263,3
1.2.826.0.1.3680043.14267,4
1.2.826.0.1.3680043.1427,4
1.2.826.0.1.3680043.14278,0
1.2.826.0.1.3680043.1429,1
1.2.826.0.1.3680043.143,2
1.2.826.0.1.3680043.14341,4
1.2.826.0.1.3680043.14345,0
1.2.826.0.1.3680043.14348,0
1.2.826.0.1.3680043.14360,4
1.2.826.0.1.3680043.14369,2
1.2.826.0.1.3680043.14380,3
1.2.826.0.1.3680043.14405,2
1.2.826.0.1.3680043.14419,1
1.2.826.0.1.3680043.14421,3
1.2.826.0.1.3680043.1443,4
1.2.826.0.1.3680043.14435,2
1.2.826.0.1.3680043.14454,0
1.2.826.0.1.3680043.14459,3
1.2.826.0.1.3680043.14464,3
1.2.826.0.1.3680043.14465,4
1.2.826.0.1.3680043.14467,1
1.2.826.0.1.3680043.14589,1
1.2.826.0.1.3680043.14598,2
1.2.826.0.1.3680043.14615,1
1.2.826.0.1.3680043.14652,3
1.2.826.0.1.3680043.14654,0
1.2.826.0.1.3680043.14669,2
1.2.826.0.1.3680043.14697,0
1.2.826.0.1.3680043.1470,3
1.2.826.0.1.3680043.14704,3
1.2.826.0.1.3680043.14723,4
1.2.826.0.1.3680043.14728,0
1.2.826.0.1.3680043.14740,0
1.2.826.0.1.3680043.1476,4
1.2.826.0.1.3680043.14780,4
1.2.826.0.1.3680043.1479,2
1.2.826.0.1.3680043.14790,0
1.2.826.0.1.3680043.1480,1
1.2.826.0.1.3680043.14823,2
1.2.826.0.1.3680043.14833,1
1.2.826.0.1.3680043.14847,3
1.2.826.0.1.3680043.14852,1
1.2.826.0.1.3680043.14868,3
1.2.826.0.1.3680043.14902,2
1.2.826.0.1.3680043.14916,0
1.2.826.0.1.3680043.14917,0
1.2.826.0.1.3680043.14925,3
1.2.826.0.1.3680043.14994,1
1.2.826.0.1.3680043.15000,0
1.2.826.0.1.3680043.15006,3
1.2.826.0.1.3680043.15016,4
1.2.826.0.1.3680043.15084,3
1.2.826.0.1.3680043.1509,2
1.2.826.0.1.3680043.15105,2
1.2.826.0.1.3680043.15113,2
1.2.826.0.1.3680043.15149,0
1.2.826.0.1.3680043.15151,1
1.2.826.0.1.3680043.15197,0
1.2.826.0.1.3680043.15206,1
1.2.826.0.1.3680043.15213,3
1.2.826.0.1.3680043.15253,0
1.2.826.0.1.3680043.15259,4
1.2.826.0.1.3680043.15277,0
1.2.826.0.1.3680043.15325,3
1.2.826.0.1.3680043.15338,4
1.2.826.0.1.3680043.15349,2
1.2.826.0.1.3680043.15386,0
1.2.826.0.1.3680043.15404,2
1.2.826.0.1.3680043.15418,1
1.2.826.0.1.3680043.1542,1
1.2.826.0.1.3680043.15474,3
1.2.826.0.1.3680043.15485,2
1.2.826.0.1.3680043.15492,0
1.2.826.0.1.3680043.15542,4
1.2.826.0.1.3680043.15563,4
1.2.826.0.1.3680043.15570,3
1.2.826.0.1.3680043.15576,3
1.2.826.0.1.3680043.15587,1
1.2.826.0.1.3680043.15593,0
1.2.826.0.1.3680043.15621,2
1.2.826.0.1.3680043.15623,2
1.2.826.0.1.3680043.15627,0
1.2.826.0.1.3680043.15641,2
1.2.826.0.1.3680043.15669,3
1.2.826.0.1.3680043.15674,2
1.2.826.0.1.3680043.15680,2
1.2.826.0.1.3680043.15699,0
1.2.826.0.1.3680043.1573,1
1.2.826.0.1.3680043.15733,3
1.2.826.0.1.3680043.15773,1
1.2.826.0.1.3680043.15776,1
1.2.826.0.1.3680043.15785,0
1.2.826.0.1.3680043.15809,1
1.2.826.0.1.3680043.15840,1
1.2.826.0.1.3680043.15842,2
1.2.826.0.1.3680043.15845,4
1.2.826.0.1.3680043.15857,4
1.2.826.0.1.3680043.15891,4
1.2.826.0.1.3680043.15909,4
1.2.826.0.1.3680043.15917,2
1.2.826.0.1.3680043.15926,4
1.2.826.0.1.3680043.15952,1
1.2.826.0.1.3680043.15979,1
1.2.826.0.1.3680043.15981,4
1.2.826.0.1.3680043.15994,1
1.2.826.0.1.3680043.16027,3
1.2.826.0.1.3680043.16030,3
1.2.826.0.1.3680043.1606,1
1.2.826.0.1.3680043.16092,4
1.2.826.0.1.3680043.16110,4
1.2.826.0.1.3680043.16124,2
1.2.826.0.1.3680043.16141,2
1.2.826.0.1.3680043.16148,1
1.2.826.0.1.3680043.16163,2
1.2.826.0.1.3680043.16180,4
1.2.826.0.1.3680043.16188,4
1.2.826.0.1.3680043.16195,2
1.2.826.0.1.3680043.16206,0
1.2.826.0.1.3680043.1625,2
1.2.826.0.1.3680043.16262,2
1.2.826.0.1.3680043.16277,3
1.2.826.0.1.3680043.16308,3
1.2.826.0.1.3680043.1632,2
1.2.826.0.1.3680043.16329,1
1.2.826.0.1.3680043.16330,1
1.2.826.0.1.3680043.16333,1
1.2.826.0.1.3680043.1634,1
1.2.826.0.1.3680043.16348,1
1.2.826.0.1.3680043.1636,0
1.2.826.0.1.3680043.16374,1
1.2.826.0.1.3680043.16386,0
1.2.826.0.1.3680043.16408,3
1.2.826.0.1.3680043.1641,1
1.2.826.0.1.3680043.16444,2
1.2.826.0.1.3680043.16451,3
1.2.826.0.1.3680043.16455,4
1.2.826.0.1.3680043.16457,2
1.2.826.0.1.3680043.16463,4
1.2.826.0.1.3680043.1647,0
1.2.826.0.1.3680043.16486,4
1.2.826.0.1.3680043.16498,0
1.2.826.0.1.3680043.16511,4
1.2.826.0.1.3680043.16527,4
1.2.826.0.1.3680043.16534,4
1.2.826.0.1.3680043.16546,3
1.2.826.0.1.3680043.16548,0
1.2.826.0.1.3680043.16563,4
1.2.826.0.1.3680043.16572,1
1.2.826.0.1.3680043.166,3
1.2.826.0.1.3680043.16643,2
1.2.826.0.1.3680043.16651,1
1.2.826.0.1.3680043.16658,4
1.2.826.0.1.3680043.1668,2
1.2.826.0.1.3680043.16688,1
1.2.826.0.1.3680043.16693,4
1.2.826.0.1.3680043.16707,3
1.2.826.0.1.3680043.16729,1
1.2.826.0.1.3680043.16747,0
1.2.826.0.1.3680043.16759,0
1.2.826.0.1.3680043.16764,3
1.2.826.0.1.3680043.16770,3
1.2.826.0.1.3680043.1679,0
1.2.826.0.1.3680043.16806,0
1.2.826.0.1.3680043.16811,0
1.2.826.0.1.3680043.16813,3
1.2.826.0.1.3680043.16820,3
1.2.826.0.1.3680043.16824,1
1.2.826.0.1.3680043.16830,3
1.2.826.0.1.3680043.16833,0
1.2.826.0.1.3680043.16838,3
1.2.826.0.1.3680043.1685,3
1.2.826.0.1.3680043.16853,0
1.2.826.0.1.3680043.16866,2
1.2.826.0.1.3680043.16889,2
1.2.826.0.1.3680043.1689,2
1.2.826.0.1.3680043.16906,0
1.2.826.0.1.3680043.16919,3
1.2.826.0.1.3680043.16931,1
1.2.826.0.1.3680043.16935,4
1.2.826.0.1.3680043.16993,0
1.2.826.0.1.3680043.170,3
1.2.826.0.1.3680043.17016,1
1.2.826.0.1.3680043.17052,4
1.2.826.0.1.3680043.17061,0
1.2.826.0.1.3680043.17069,1
1.2.826.0.1.3680043.1708,1
1.2.826.0.1.3680043.17094,3
1.2.826.0.1.3680043.171,2
1.2.826.0.1.3680043.17127,0
1.2.826.0.1.3680043.17129,2
1.2.826.0.1.3680043.17166,0
1.2.826.0.1.3680043.17170,1
1.2.826.0.1.3680043.17184,3
1.2.826.0.1.3680043.17194,0
1.2.826.0.1.3680043.17208,0
1.2.826.0.1.3680043.17210,4
1.2.826.0.1.3680043.17242,4
1.2.826.0.1.3680043.17246,3
1.2.826.0.1.3680043.17262,3
1.2.826.0.1.3680043.17266,2
1.2.826.0.1.3680043.17284,3
1.2.826.0.1.3680043.17287,1
1.2.826.0.1.3680043.17288,1
1.2.826.0.1.3680043.17325,2
1.2.826.0.1.3680043.17341,4
1.2.826.0.1.3680043.17346,0
1.2.826.0.1.3680043.17359,2
1.2.826.0.1.3680043.17364,2
1.2.826.0.1.3680043.17370,3
1.2.826.0.1.3680043.17382,3
1.2.826.0.1.3680043.17387,0
1.2.826.0.1.3680043.17401,1
1.2.826.0.1.3680043.17403,1
1.2.826.0.1.3680043.17423,2
1.2.826.0.1.3680043.17425,3
1.2.826.0.1.3680043.17438,3
1.2.826.0.1.3680043.17443,1
1.2.826.0.1.3680043.17455,0
1.2.826.0.1.3680043.17457,2
1.2.826.0.1.3680043.17481,0
1.2.826.0.1.3680043.17483,0
1.2.826.0.1.3680043.17495,2
1.2.826.0.1.3680043.17497,0
1.2.826.0.1.3680043.1750,0
1.2.826.0.1.3680043.17505,2
1.2.826.0.1.3680043.17523,1
1.2.826.0.1.3680043.17524,4
1.2.826.0.1.3680043.17529,4
1.2.826.0.1.3680043.17553,2
1.2.826.0.1.3680043.17607,2
1.2.826.0.1.3680043.17625,4
1.2.826.0.1.3680043.17692,1
1.2.826.0.1.3680043.17697,4
1.2.826.0.1.3680043.1770,4
1.2.826.0.1.3680043.17706,2
1.2.826.0.1.3680043.1772,4
1.2.826.0.1.3680043.17721,4
1.2.826.0.1.3680043.17782,1
1.2.826.0.1.3680043.17787,1
1.2.826.0.1.3680043.17791,0
1.2.826.0.1.3680043.17809,2
1.2.826.0.1.3680043.17811,3
1.2.826.0.1.3680043.17817,4
1.2.826.0.1.3680043.17833,3
1.2.826.0.1.3680043.17858,1
1.2.826.0.1.3680043.17859,3
1.2.826.0.1.3680043.17872,4
1.2.826.0.1.3680043.17884,1
1.2.826.0.1.3680043.17886,0
1.2.826.0.1.3680043.17902,4
1.2.826.0.1.3680043.17916,1
1.2.826.0.1.3680043.17924,4
1.2.826.0.1.3680043.17938,1
1.2.826.0.1.3680043.17960,0
1.2.826.0.1.3680043.17964,3
1.2.826.0.1.3680043.18010,0
1.2.826.0.1.3680043.18025,3
1.2.826.0.1.3680043.18060,0
1.2.826.0.1.3680043.18068,2
1.2.826.0.1.3680043.18077,3
1.2.826.0.1.3680043.1810,3
1.2.826.0.1.3680043.18101,1
1.2.826.0.1.3680043.18110,4
1.2.826.0.1.3680043.18123,0
1.2.826.0.1.3680043.18135,1
1.2.826.0.1.3680043.18141,2
1.2.826.0.1.3680043.18163,1
1.2.826.0.1.3680043.18176,3
1.2.826.0.1.3680043.18188,4
1.2.826.0.1.3680043.18191,4
1.2.826.0.1.3680043.18197,2
1.2.826.0.1.3680043.18207,3
1.2.826.0.1.3680043.18219,3
1.2.826.0.1.3680043.18244,2
1.2.826.0.1.3680043.18254,1
1.2.826.0.1.3680043.18272,3
1.2.826.0.1.3680043.18274,1
1.2.826.0.1.3680043.18307,2
1.2.826.0.1.3680043.18337,0
1.2.826.0.1.3680043.18341,1
1.2.826.0.1.3680043.1836,0
1.2.826.0.1.3680043.18391,0
1.2.826.0.1.3680043.18479,4
1.2.826.0.1.3680043.18480,0
1.2.826.0.1.3680043.1852,2
1.2.826.0.1.3680043.18523,2
1.2.826.0.1.3680043.18524,3
1.2.826.0.1.3680043.18534,3
1.2.826.0.1.3680043.18541,4
1.2.826.0.1.3680043.18562,2
1.2.826.0.1.3680043.18576,3
1.2.826.0.1.3680043.18598,3
1.2.826.0.1.3680043.18601,1
1.2.826.0.1.3680043.18656,3
1.2.826.0.1.3680043.18659,1
1.2.826.0.1.3680043.1868,3
1.2.826.0.1.3680043.18696,0
1.2.826.0.1.3680043.18748,4
1.2.826.0.1.3680043.18758,0
1.2.826.0.1.3680043.18768,0
1.2.826.0.1.3680043.18770,4
1.2.826.0.1.3680043.18786,4
1.2.826.0.1.3680043.1880,3
1.2.826.0.1.3680043.18834,3
1.2.826.0.1.3680043.18861,1
1.2.826.0.1.3680043.18865,0
1.2.826.0.1.3680043.18900,1
1.2.826.0.1.3680043.18904,4
1.2.826.0.1.3680043.18906,0
1.2.826.0.1.3680043.18935,4
1.2.826.0.1.3680043.18937,3
1.2.826.0.1.3680043.18945,4
1.2.826.0.1.3680043.18954,1
1.2.826.0.1.3680043.18959,4
1.2.826.0.1.3680043.18968,0
1.2.826.0.1.3680043.18971,3
1.2.826.0.1.3680043.19012,1
1.2.826.0.1.3680043.19021,0
1.2.826.0.1.3680043.19051,0
1.2.826.0.1.3680043.19055,0
1.2.826.0.1.3680043.19064,0
1.2.826.0.1.3680043.19084,3
1.2.826.0.1.3680043.19097,3
1.2.826.0.1.3680043.19121,4
1.2.826.0.1.3680043.19124,2
1.2.826.0.1.3680043.19142,3
1.2.826.0.1.3680043.19153,0
1.2.826.0.1.3680043.19159,4
1.2.826.0.1.3680043.19165,4
1.2.826.0.1.3680043.19182,0
1.2.826.0.1.3680043.19185,2
1.2.826.0.1.3680043.19194,4
1.2.826.0.1.3680043.1920,4
1.2.826.0.1.3680043.19201,3
1.2.826.0.1.3680043.19238,0
1.2.826.0.1.3680043.19242,0
1.2.826.0.1.3680043.19258,2
1.2.826.0.1.3680043.19266,1
1.2.826.0.1.3680043.19283,1
1.2.826.0.1.3680043.19298,4
1.2.826.0.1.3680043.19304,0
1.2.826.0.1.3680043.1931,4
1.2.826.0.1.3680043.19333,0
1.2.826.0.1.3680043.19339,2
1.2.826.0.1.3680043.19343,0
1.2.826.0.1.3680043.19352,4
1.2.826.0.1.3680043.19360,3
1.2.826.0.1.3680043.19369,0
1.2.826.0.1.3680043.19381,2
1.2.826.0.1.3680043.19388,4
1.2.826.0.1.3680043.19397,0
1.2.826.0.1.3680043.19400,4
1.2.826.0.1.3680043.19401,0
1.2.826.0.1.3680043.19410,0
1.2.826.0.1.3680043.19439,2
1.2.826.0.1.3680043.19487,2
1.2.826.0.1.3680043.19517,2
1.2.826.0.1.3680043.19537,1
1.2.826.0.1.3680043.19565,0
1.2.826.0.1.3680043.19576,0
1.2.826.0.1.3680043.19596,1
1.2.826.0.1.3680043.19607,4
1.2.826.0.1.3680043.19612,4
1.2.826.0.1.3680043.19614,2
1.2.826.0.1.3680043.19618,4
1.2.826.0.1.3680043.19621,1
1.2.826.0.1.3680043.19639,3
1.2.826.0.1.3680043.19644,4
1.2.826.0.1.3680043.19649,1
1.2.826.0.1.3680043.19661,2
1.2.826.0.1.3680043.19675,0
1.2.826.0.1.3680043.19678,1
1.2.826.0.1.3680043.19680,2
1.2.826.0.1.3680043.19688,3
1.2.826.0.1.3680043.19700,1
1.2.826.0.1.3680043.19705,0
1.2.826.0.1.3680043.1972,1
1.2.826.0.1.3680043.19720,0
1.2.826.0.1.3680043.19727,0
1.2.826.0.1.3680043.19728,2
1.2.826.0.1.3680043.1975,4
1.2.826.0.1.3680043.19759,0
1.2.826.0.1.3680043.19761,3
1.2.826.0.1.3680043.19778,4
1.2.826.0.1.3680043.19780,0
1.2.826.0.1.3680043.19789,4
1.2.826.0.1.3680043.19797,0
1.2.826.0.1.3680043.19805,2
1.2.826.0.1.3680043.19808,1
1.2.826.0.1.3680043.1981,4
1.2.826.0.1.3680043.19846,1
1.2.826.0.1.3680043.19877,3
1.2.826.0.1.3680043.19882,4
1.2.826.0.1.3680043.19888,2
1.2.826.0.1.3680043.19947,2
1.2.826.0.1.3680043.19962,4
1.2.826.0.1.3680043.19967,1
1.2.826.0.1.3680043.19975,0
1.2.826.0.1.3680043.20004,2
1.2.826.0.1.3680043.20022,1
1.2.826.0.1.3680043.20023,2
1.2.826.0.1.3680043.20026,3
1.2.826.0.1.3680043.2003,4
1.2.826.0.1.3680043.20033,0
1.2.826.0.1.3680043.20038,2
1.2.826.0.1.3680043.20061,1
1.2.826.0.1.3680043.20070,2
1.2.826.0.1.3680043.20085,3
1.2.826.0.1.3680043.20087,0
1.2.826.0.1.3680043.20097,3
1.2.826.0.1.3680043.20111,4
1.2.826.0.1.3680043.20120,4
1.2.826.0.1.3680043.20153,0
1.2.826.0.1.3680043.20158,0
1.2.826.0.1.3680043.20161,0
1.2.826.0.1.3680043.20163,3
1.2.826.0.1.3680043.20171,2
1.2.826.0.1.3680043.20180,2
1.2.826.0.1.3680043.20212,2
1.2.826.0.1.3680043.2022,2
1.2.826.0.1.3680043.20257,3
1.2.826.0.1.3680043.20262,2
1.2.826.0.1.3680043.20276,0
1.2.826.0.1.3680043.20351,4
1.2.826.0.1.3680043.20381,0
1.2.826.0.1.3680043.20406,4
1.2.826.0.1.3680043.20431,3
1.2.826.0.1.3680043.20433,4
1.2.826.0.1.3680043.20509,1
1.2.826.0.1.3680043.20515,1
1.2.826.0.1.3680043.20516,3
1.2.826.0.1.3680043.20523,2
1.2.826.0.1.3680043.20565,0
1.2.826.0.1.3680043.20566,0
1.2.826.0.1.3680043.2058,1
1.2.826.0.1.3680043.20611,2
1.2.826.0.1.3680043.20617,4
1.2.826.0.1.3680043.20618,4
1.2.826.0.1.3680043.20620,1
1.2.826.0.1.3680043.20639,4
1.2.826.0.1.3680043.20643,2
1.2.826.0.1.3680043.20647,4
1.2.826.0.1.3680043.20650,3
1.2.826.0.1.3680043.20659,1
1.2.826.0.1.3680043.20676,4
1.2.826.0.1.3680043.20699,0
1.2.826.0.1.3680043.2070,0
1.2.826.0.1.3680043.20708,2
1.2.826.0.1.3680043.20723,1
1.2.826.0.1.3680043.20727,0
1.2.826.0.1.3680043.20747,1
1.2.826.0.1.3680043.20761,1
1.2.826.0.1.3680043.20773,4
1.2.826.0.1.3680043.20780,0
1.2.826.0.1.3680043.20798,4
1.2.826.0.1.3680043.20851,2
1.2.826.0.1.3680043.20873,3
1.2.826.0.1.3680043.20905,2
1.2.826.0.1.3680043.20925,4
1.2.826.0.1.3680043.20928,0
1.2.826.0.1.3680043.20930,4
1.2.826.0.1.3680043.20932,1
1.2.826.0.1.3680043.20944,2
1.2.826.0.1.3680043.20953,4
1.2.826.0.1.3680043.20963,1
1.2.826.0.1.3680043.20971,2
1.2.826.0.1.3680043.20976,4
1.2.826.0.1.3680043.20981,0
1.2.826.0.1.3680043.20995,2
1.2.826.0.1.3680043.21027,2
1.2.826.0.1.3680043.21037,1
1.2.826.0.1.3680043.21040,0
1.2.826.0.1.3680043.21058,1
1.2.826.0.1.3680043.21059,4
1.2.826.0.1.3680043.21120,4
1.2.826.0.1.3680043.21161,4
1.2.826.0.1.3680043.21166,1
1.2.826.0.1.3680043.21167,4
1.2.826.0.1.3680043.21171,4
1.2.826.0.1.3680043.21219,4
1.2.826.0.1.3680043.21224,4
1.2.826.0.1.3680043.21231,3
1.2.826.0.1.3680043.21239,2
1.2.826.0.1.3680043.21257,0
1.2.826.0.1.3680043.21259,0
1.2.826.0.1.3680043.21283,2
1.2.826.0.1.3680043.21286,4
1.2.826.0.1.3680043.21292,1
1.2.826.0.1.3680043.21295,4
1.2.826.0.1.3680043.21296,2
1.2.826.0.1.3680043.21305,4
1.2.826.0.1.3680043.21312,0
1.2.826.0.1.3680043.21321,4
1.2.826.0.1.3680043.21326,4
1.2.826.0.1.3680043.21340,3
1.2.826.0.1.3680043.21350,3
1.2.826.0.1.3680043.21355,4
1.2.826.0.1.3680043.21370,1
1.2.826.0.1.3680043.2143,1
1.2.826.0.1.3680043.21459,1
1.2.826.0.1.3680043.21477,4
1.2.826.0.1.3680043.21515,4
1.2.826.0.1.3680043.2152,3
1.2.826.0.1.3680043.21526,1
1.2.826.0.1.3680043.21554,2
1.2.826.0.1.3680043.21560,3
1.2.826.0.1.3680043.21561,2
1.2.826.0.1.3680043.21586,4
1.2.826.0.1.3680043.21589,4
1.2.826.0.1.3680043.2159,4
1.2.826.0.1.3680043.21594,4
1.2.826.0.1.3680043.21628,1
1.2.826.0.1.3680043.21639,4
1.2.826.0.1.3680043.21651,3
1.2.826.0.1.3680043.2168,4
1.2.826.0.1.3680043.21684,2
1.2.826.0.1.3680043.2170,4
1.2.826.0.1.3680043.21714,0
1.2.826.0.1.3680043.2172,4
1.2.826.0.1.3680043.21724,3
1.2.826.0.1.3680043.21754,0
1.2.826.0.1.3680043.21758,0
1.2.826.0.1.3680043.21760,4
1.2.826.0.1.3680043.21806,4
1.2.826.0.1.3680043.21809,3
1.2.826.0.1.3680043.21810,4
1.2.826.0.1.3680043.21818,4
1.2.826.0.1.3680043.21821,2
1.2.826.0.1.3680043.21825,1
1.2.826.0.1.3680043.2188,3
1.2.826.0.1.3680043.21888,3
1.2.826.0.1.3680043.21904,1
1.2.826.0.1.3680043.21920,3
1.2.826.0.1.3680043.21933,1
1.2.826.0.1.3680043.21963,0
1.2.826.0.1.3680043.21978,1
1.2.826.0.1.3680043.21982,3
1.2.826.0.1.3680043.21988,4
1.2.826.0.1.3680043.21997,1
1.2.826.0.1.3680043.22004,0
1.2.826.0.1.3680043.22006,3
1.2.826.0.1.3680043.22010,2
1.2.826.0.1.3680043.22019,0
1.2.826.0.1.3680043.22022,2
1.2.826.0.1.3680043.22042,3
1.2.826.0.1.3680043.22050,1
1.2.826.0.1.3680043.22081,2
1.2.826.0.1.3680043.2210,4
1.2.826.0.1.3680043.22120,4
1.2.826.0.1.3680043.22140,1
1.2.826.0.1.3680043.22149,0
1.2.826.0.1.3680043.22159,3
1.2.826.0.1.3680043.22184,2
1.2.826.0.1.3680043.2221,1
1.2.826.0.1.3680043.22240,0
1.2.826.0.1.3680043.22245,0
1.2.826.0.1.3680043.22276,2
1.2.826.0.1.3680043.22282,4
1.2.826.0.1.3680043.2230,0
1.2.826.0.1.3680043.22310,2
1.2.826.0.1.3680043.22358,2
1.2.826.0.1.3680043.22361,0
1.2.826.0.1.3680043.22392,1
1.2.826.0.1.3680043.2243,2
1.2.826.0.1.3680043.22430,3
1.2.826.0.1.3680043.22436,0
1.2.826.0.1.3680043.22438,4
1.2.826.0.1.3680043.22444,3
1.2.826.0.1.3680043.22447,1
1.2.826.0.1.3680043.22477,1
1.2.826.0.1.3680043.22478,4
1.2.826.0.1.3680043.2248,4
1.2.826.0.1.3680043.22510,3
1.2.826.0.1.3680043.22517,2
1.2.826.0.1.3680043.22538,3
1.2.826.0.1.3680043.22543,4
1.2.826.0.1.3680043.22548,3
1.2.826.0.1.3680043.22560,1
1.2.826.0.1.3680043.22575,1
1.2.826.0.1.3680043.22596,3
1.2.826.0.1.3680043.22643,0
1.2.826.0.1.3680043.22669,2
1.2.826.0.1.3680043.2267,4
1.2.826.0.1.3680043.22672,1
1.2.826.0.1.3680043.22675,2
1.2.826.0.1.3680043.22678,0
1.2.826.0.1.3680043.22691,2
1.2.826.0.1.3680043.22701,2
1.2.826.0.1.3680043.22711,0
1.2.826.0.1.3680043.22717,3
1.2.826.0.1.3680043.22755,0
1.2.826.0.1.3680043.22757,1
1.2.826.0.1.3680043.22759,4
1.2.826.0.1.3680043.22780,4
1.2.826.0.1.3680043.22793,3
1.2.826.0.1.3680043.22804,1
1.2.826.0.1.3680043.22806,2
1.2.826.0.1.3680043.22808,3
1.2.826.0.1.3680043.22829,1
1.2.826.0.1.3680043.22841,0
1.2.826.0.1.3680043.2286,4
1.2.826.0.1.3680043.22885,3
1.2.826.0.1.3680043.22889,1
1.2.826.0.1.3680043.2289,0
1.2.826.0.1.3680043.22926,1
1.2.826.0.1.3680043.22930,4
1.2.826.0.1.3680043.22944,3
1.2.826.0.1.3680043.22950,2
1.2.826.0.1.3680043.22968,1
1.2.826.0.1.3680043.2297,1
1.2.826.0.1.3680043.22980,4
1.2.826.0.1.3680043.22993,4
1.2.826.0.1.3680043.23052,2
1.2.826.0.1.3680043.23099,0
1.2.826.0.1.3680043.23104,3
1.2.826.0.1.3680043.23126,1
1.2.826.0.1.3680043.23168,0
1.2.826.0.1.3680043.2321,1
1.2.826.0.1.3680043.23212,1
1.2.826.0.1.3680043.23216,3
1.2.826.0.1.3680043.2325,0
1.2.826.0.1.3680043.23251,3
1.2.826.0.1.3680043.23252,3
1.2.826.0.1.3680043.23257,3
1.2.826.0.1.3680043.23260,1
1.2.826.0.1.3680043.23261,4
1.2.826.0.1.3680043.23325,2
1.2.826.0.1.3680043.23353,4
1.2.826.0.1.3680043.23355,2
1.2.826.0.1.3680043.23356,3
1.2.826.0.1.3680043.2336,2
1.2.826.0.1.3680043.23361,1
1.2.826.0.1.3680043.234,4
1.2.826.0.1.3680043.23400,0
1.2.826.0.1.3680043.23410,0
1.2.826.0.1.3680043.23422,4
1.2.826.0.1.3680043.23431,0
1.2.826.0.1.3680043.23432,3
1.2.826.0.1.3680043.23449,4
1.2.826.0.1.3680043.23474,0
1.2.826.0.1.3680043.23475,1
1.2.826.0.1.3680043.23509,2
1.2.826.0.1.3680043.23527,1
1.2.826.0.1.3680043.23528,4
1.2.826.0.1.3680043.23536,3
1.2.826.0.1.3680043.23543,4
1.2.826.0.1.3680043.23597,3
1.2.826.0.1.3680043.23611,1
1.2.826.0.1.3680043.23633,4
1.2.826.0.1.3680043.23648,0
1.2.826.0.1.3680043.23658,1
1.2.826.0.1.3680043.23660,4
1.2.826.0.1.3680043.23672,2
1.2.826.0.1.3680043.23697,3
1.2.826.0.1.3680043.23715,4
1.2.826.0.1.3680043.2374,0
1.2.826.0.1.3680043.23758,3
1.2.826.0.1.3680043.23765,3
1.2.826.0.1.3680043.23794,0
1.2.826.0.1.3680043.23809,3
1.2.826.0.1.3680043.23817,0
1.2.826.0.1.3680043.23840,0
1.2.826.0.1.3680043.23846,0
1.2.826.0.1.3680043.23847,4
1.2.826.0.1.3680043.23848,3
1.2.826.0.1.3680043.23858,2
1.2.826.0.1.3680043.23860,3
1.2.826.0.1.3680043.23888,3
1.2.826.0.1.3680043.23904,1
1.2.826.0.1.3680043.23916,3
1.2.826.0.1.3680043.23923,4
1.2.826.0.1.3680043.23944,2
1.2.826.0.1.3680043.2395,0
1.2.826.0.1.3680043.23957,2
1.2.826.0.1.3680043.23968,1
1.2.826.0.1.3680043.23978,3
1.2.826.0.1.3680043.23986,0
1.2.826.0.1.3680043.24007,2
1.2.826.0.1.3680043.24010,4
1.2.826.0.1.3680043.24013,1
1.2.826.0.1.3680043.24018,0
1.2.826.0.1.3680043.24045,1
1.2.826.0.1.3680043.24049,2
1.2.826.0.1.3680043.24107,4
1.2.826.0.1.3680043.24115,1
1.2.826.0.1.3680043.24131,3
1.2.826.0.1.3680043.24140,2
1.2.826.0.1.3680043.24149,4
1.2.826.0.1.3680043.24170,1
1.2.826.0.1.3680043.24178,2
1.2.826.0.1.3680043.24206,4
1.2.826.0.1.3680043.24214,4
1.2.826.0.1.3680043.24264,2
1.2.826.0.1.3680043.24281,1
1.2.826.0.1.3680043.24284,1
1.2.826.0.1.3680043.24289,3
1.2.826.0.1.3680043.24307,2
1.2.826.0.1.3680043.24316,2
1.2.826.0.1.3680043.24317,2
1.2.826.0.1.3680043.24325,2
1.2.826.0.1.3680043.24326,3
1.2.826.0.1.3680043.24327,1
1.2.826.0.1.3680043.2434,0
1.2.826.0.1.3680043.24343,0
1.2.826.0.1.3680043.2438,0
1.2.826.0.1.3680043.24385,0
1.2.826.0.1.3680043.24389,0
1.2.826.0.1.3680043.24415,3
1.2.826.0.1.3680043.24418,4
1.2.826.0.1.3680043.24445,2
1.2.826.0.1.3680043.24477,0
1.2.826.0.1.3680043.24508,0
1.2.826.0.1.3680043.2454,2
1.2.826.0.1.3680043.24562,2
1.2.826.0.1.3680043.24570,0
1.2.826.0.1.3680043.24593,2
1.2.826.0.1.3680043.24595,2
1.2.826.0.1.3680043.24606,4
1.2.826.0.1.3680043.24615,3
1.2.826.0.1.3680043.24617,1
1.2.826.0.1.3680043.24639,3
1.2.826.0.1.3680043.24643,3
1.2.826.0.1.3680043.2467,2
1.2.826.0.1.3680043.24691,4
1.2.826.0.1.3680043.24704,1
1.2.826.0.1.3680043.2475,3
1.2.826.0.1.3680043.24761,1
1.2.826.0.1.3680043.24772,0
1.2.826.0.1.3680043.24857,1
1.2.826.0.1.3680043.2487,2
1.2.826.0.1.3680043.24878,0
1.2.826.0.1.3680043.24891,3
1.2.826.0.1.3680043.24918,0
1.2.826.0.1.3680043.24930,1
1.2.826.0.1.3680043.24944,2
1.2.826.0.1.3680043.24946,1
1.2.826.0.1.3680043.24953,1
1.2.826.0.1.3680043.24955,2
1.2.826.0.1.3680043.24962,2
1.2.826.0.1.3680043.24974,1
1.2.826.0.1.3680043.24988,0
1.2.826.0.1.3680043.24989,0
1.2.826.0.1.3680043.25035,0
1.2.826.0.1.3680043.2507,3
1.2.826.0.1.3680043.25071,2
1.2.826.0.1.3680043.25080,2
1.2.826.0.1.3680043.25093,1
1.2.826.0.1.3680043.25103,0
1.2.826.0.1.3680043.25130,0
1.2.826.0.1.3680043.25144,1
1.2.826.0.1.3680043.25154,4
1.2.826.0.1.3680043.25161,1
1.2.826.0.1.3680043.25172,1
1.2.826.0.1.3680043.25174,4
1.2.826.0.1.3680043.25191,0
1.2.826.0.1.3680043.25198,2
1.2.826.0.1.3680043.2521,1
1.2.826.0.1.3680043.25220,2
1.2.826.0.1.3680043.25238,1
1.2.826.0.1.3680043.25245,2
1.2.826.0.1.3680043.25278,1
1.2.826.0.1.3680043.25289,2
1.2.826.0.1.3680043.25301,1
1.2.826.0.1.3680043.25319,3
1.2.826.0.1.3680043.25339,1
1.2.826.0.1.3680043.25352,1
1.2.826.0.1.3680043.25356,4
1.2.826.0.1.3680043.25367,2
1.2.826.0.1.3680043.25377,1
1.2.826.0.1.3680043.2542,0
1.2.826.0.1.3680043.2543,2
1.2.826.0.1.3680043.25434,2
1.2.826.0.1.3680043.25435,3
1.2.826.0.1.3680043.25445,0
1.2.826.0.1.3680043.25493,4
1.2.826.0.1.3680043.25509,4
1.2.826.0.1.3680043.25515,2
1.2.826.0.1.3680043.25548,0
1.2.826.0.1.3680043.25572,1
1.2.826.0.1.3680043.25600,2
1.2.826.0.1.3680043.25616,1
1.2.826.0.1.3680043.25638,0
1.2.826.0.1.3680043.25651,2
1.2.826.0.1.3680043.25669,4
1.2.826.0.1.3680043.25704,0
1.2.826.0.1.3680043.25722,4
1.2.826.0.1.3680043.25770,3
1.2.826.0.1.3680043.25772,3
1.2.826.0.1.3680043.258,3
1.2.826.0.1.3680043.25812,2
1.2.826.0.1.3680043.25825,0
1.2.826.0.1.3680043.25833,4
1.2.826.0.1.3680043.25834,3
1.2.826.0.1.3680043.25838,1
1.2.826.0.1.3680043.25867,3
1.2.826.0.1.3680043.25883,3
1.2.826.0.1.3680043.25891,2
1.2.826.0.1.3680043.25917,1
1.2.826.0.1.3680043.25919,3
1.2.826.0.1.3680043.2595,2
1.2.826.0.1.3680043.25956,0
1.2.826.0.1.3680043.2596,1
1.2.826.0.1.3680043.25963,2
1.2.826.0.1.3680043.25970,2
1.2.826.0.1.3680043.25987,4
1.2.826.0.1.3680043.26024,4
1.2.826.0.1.3680043.26031,1
1.2.826.0.1.3680043.26034,2
1.2.826.0.1.3680043.26035,2
1.2.826.0.1.3680043.26040,2
1.2.826.0.1.3680043.26052,4
1.2.826.0.1.3680043.26068,0
1.2.826.0.1.3680043.26077,3
1.2.826.0.1.3680043.26097,0
1.2.826.0.1.3680043.26110,1
1.2.826.0.1.3680043.26121,3
1.2.826.0.1.3680043.2614,3
1.2.826.0.1.3680043.26170,4
1.2.826.0.1.3680043.26177,0
1.2.826.0.1.3680043.26179,1
1.2.826.0.1.3680043.26187,2
1.2.826.0.1.3680043.26207,4
1.2.826.0.1.3680043.26217,2
1.2.826.0.1.3680043.26219,2
1.2.826.0.1.3680043.26231,4
1.2.826.0.1.3680043.2624,2
1.2.826.0.1.3680043.26244,0
1.2.826.0.1.3680043.2625,0
1.2.826.0.1.3680043.26293,2
1.2.826.0.1.3680043.26303,3
1.2.826.0.1.3680043.26306,4
1.2.826.0.1.3680043.26315,3
1.2.826.0.1.3680043.26350,2
1.2.826.0.1.3680043.2637,1
1.2.826.0.1.3680043.26389,1
1.2.826.0.1.3680043.26401,2
1.2.826.0.1.3680043.26440,1
1.2.826.0.1.3680043.26442,2
1.2.826.0.1.3680043.2645,2
1.2.826.0.1.3680043.26469,0
1.2.826.0.1.3680043.2648,2
1.2.826.0.1.3680043.26492,0
1.2.826.0.1.3680043.26498,0
1.2.826.0.1.3680043.26500,0
1.2.826.0.1.3680043.26514,0
1.2.826.0.1.3680043.26534,1
1.2.826.0.1.3680043.26536,2
1.2.826.0.1.3680043.26574,0
1.2.826.0.1.3680043.26618,0
1.2.826.0.1.3680043.26649,4
1.2.826.0.1.3680043.2665,4
1.2.826.0.1.3680043.26665,0
1.2.826.0.1.3680043.26676,1
1.2.826.0.1.3680043.2668,1
1.2.826.0.1.3680043.2669,3
1.2.826.0.1.3680043.26740,1
1.2.826.0.1.3680043.26769,4
1.2.826.0.1.3680043.26781,1
1.2.826.0.1.3680043.26791,4
1.2.826.0.1.3680043.26801,4
1.2.826.0.1.3680043.26802,2
1.2.826.0.1.3680043.26820,0
1.2.826.0.1.3680043.26830,3
1.2.826.0.1.3680043.26851,4
1.2.826.0.1.3680043.26869,3
1.2.826.0.1.3680043.26898,4
1.2.826.0.1.3680043.26917,0
1.2.826.0.1.3680043.2693,0
1.2.826.0.1.3680043.26933,3
1.2.826.0.1.3680043.26950,2
1.2.826.0.1.3680043.26958,2
1.2.826.0.1.3680043.26959,1
1.2.826.0.1.3680043.26969,0
1.2.826.0.1.3680043.26979,4
1.2.826.0.1.3680043.26990,3
1.2.826.0.1.3680043.26992,0
1.2.826.0.1.3680043.27,3
1.2.826.0.1.3680043.27016,0
1.2.826.0.1.3680043.27027,3
1.2.826.0.1.3680043.27028,3
1.2.826.0.1.3680043.27030,4
1.2.826.0.1.3680043.27043,2
1.2.826.0.1.3680043.27075,4
1.2.826.0.1.3680043.27079,1
1.2.826.0.1.3680043.271,1
1.2.826.0.1.3680043.27100,4
1.2.826.0.1.3680043.2712,3
1.2.826.0.1.3680043.27121,1
1.2.826.0.1.3680043.27180,3
1.2.826.0.1.3680043.2720,2
1.2.826.0.1.3680043.27218,3
1.2.826.0.1.3680043.27225,2
1.2.826.0.1.3680043.27228,3
1.2.826.0.1.3680043.27262,4
1.2.826.0.1.3680043.27275,1
1.2.826.0.1.3680043.27282,2
1.2.826.0.1.3680043.27284,3
1.2.826.0.1.3680043.27292,0
1.2.826.0.1.3680043.27299,3
1.2.826.0.1.3680043.27316,4
1.2.826.0.1.3680043.27325,0
1.2.826.0.1.3680043.27329,2
1.2.826.0.1.3680043.27360,1
1.2.826.0.1.3680043.27361,3
1.2.826.0.1.3680043.27372,4
1.2.826.0.1.3680043.27390,4
1.2.826.0.1.3680043.27395,3
1.2.826.0.1.3680043.27398,1
1.2.826.0.1.3680043.27411,2
1.2.826.0.1.3680043.27426,1
1.2.826.0.1.3680043.27436,2
1.2.826.0.1.3680043.27440,4
1.2.826.0.1.3680043.27523,0
1.2.826.0.1.3680043.2755,0
1.2.826.0.1.3680043.27562,4
1.2.826.0.1.3680043.27565,2
1.2.826.0.1.3680043.27569,1
1.2.826.0.1.3680043.27578,0
1.2.826.0.1.3680043.27583,2
1.2.826.0.1.3680043.27607,2
1.2.826.0.1.3680043.27622,4
1.2.826.0.1.3680043.2765,2
1.2.826.0.1.3680043.27670,3
1.2.826.0.1.3680043.27683,1
1.2.826.0.1.3680043.27714,0
1.2.826.0.1.3680043.27733,4
1.2.826.0.1.3680043.27745,4
1.2.826.0.1.3680043.27746,2
1.2.826.0.1.3680043.27748,3
1.2.826.0.1.3680043.27752,2
1.2.826.0.1.3680043.27770,2
1.2.826.0.1.3680043.27777,4
1.2.826.0.1.3680043.27793,4
1.2.826.0.1.3680043.27828,1
1.2.826.0.1.3680043.27830,1
1.2.826.0.1.3680043.27837,3
1.2.826.0.1.3680043.27850,4
1.2.826.0.1.3680043.27863,3
1.2.826.0.1.3680043.2792,3
1.2.826.0.1.3680043.27962,4
1.2.826.0.1.3680043.27975,1
1.2.826.0.1.3680043.27996,4
1.2.826.0.1.3680043.28019,3
1.2.826.0.1.3680043.28025,1
1.2.826.0.1.3680043.2803,2
1.2.826.0.1.3680043.28055,4
1.2.826.0.1.3680043.28122,1
1.2.826.0.1.3680043.2813,0
1.2.826.0.1.3680043.28153,2
1.2.826.0.1.3680043.28163,3
1.2.826.0.1.3680043.28207,1
1.2.826.0.1.3680043.28215,1
1.2.826.0.1.3680043.2823,1
1.2.826.0.1.3680043.28233,1
1.2.826.0.1.3680043.28252,0
1.2.826.0.1.3680043.28254,3
1.2.826.0.1.3680043.28273,4
1.2.826.0.1.3680043.28282,3
1.2.826.0.1.3680043.28296,0
1.2.826.0.1.3680043.28297,3
1.2.826.0.1.3680043.28304,4
1.2.826.0.1.3680043.28319,1
1.2.826.0.1.3680043.28321,1
1.2.826.0.1.3680043.28323,1
1.2.826.0.1.3680043.28327,3
1.2.826.0.1.3680043.28329,1
1.2.826.0.1.3680043.28344,3
1.2.826.0.1.3680043.28346,0
1.2.826.0.1.3680043.28355,2
1.2.826.0.1.3680043.28363,0
1.2.826.0.1.3680043.28411,3
1.2.826.0.1.3680043.28414,3
1.2.826.0.1.3680043.28480,0
1.2.826.0.1.3680043.28485,2
1.2.826.0.1.3680043.28502,0
1.2.826.0.1.3680043.28521,4
1.2.826.0.1.3680043.28523,2
1.2.826.0.1.3680043.28527,2
1.2.826.0.1.3680043.2854,0
1.2.826.0.1.3680043.28547,0
1.2.826.0.1.3680043.2856,0
1.2.826.0.1.3680043.28580,0
1.2.826.0.1.3680043.28606,3
1.2.826.0.1.3680043.28610,4
1.2.826.0.1.3680043.28618,4
1.2.826.0.1.3680043.28620,2
1.2.826.0.1.3680043.28637,2
1.2.826.0.1.3680043.28657,4
1.2.826.0.1.3680043.28665,1
1.2.826.0.1.3680043.28705,2
1.2.826.0.1.3680043.28710,1
1.2.826.0.1.3680043.28711,2
1.2.826.0.1.3680043.28731,0
1.2.826.0.1.3680043.28752,1
1.2.826.0.1.3680043.28753,4
1.2.826.0.1.3680043.28780,1
1.2.826.0.1.3680043.28794,1
1.2.826.0.1.3680043.28805,3
1.2.826.0.1.3680043.2882,2
1.2.826.0.1.3680043.28824,0
1.2.826.0.1.3680043.28825,2
1.2.826.0.1.3680043.2883,4
1.2.826.0.1.3680043.28832,0
1.2.826.0.1.3680043.28857,3
1.2.826.0.1.3680043.28865,4
1.2.826.0.1.3680043.28873,1
1.2.826.0.1.3680043.28890,0
1.2.826.0.1.3680043.28892,3
1.2.826.0.1.3680043.28904,3
1.2.826.0.1.3680043.28913,4
1.2.826.0.1.3680043.28934,3
1.2.826.0.1.3680043.2896,3
1.2.826.0.1.3680043.28968,2
1.2.826.0.1.3680043.28978,2
1.2.826.0.1.3680043.28990,2
1.2.826.0.1.3680043.29015,0
1.2.826.0.1.3680043.29035,0
1.2.826.0.1.3680043.29045,3
1.2.826.0.1.3680043.29047,2
1.2.826.0.1.3680043.29093,4
1.2.826.0.1.3680043.29100,0
1.2.826.0.1.3680043.29132,2
1.2.826.0.1.3680043.29140,2
1.2.826.0.1.3680043.29142,0
1.2.826.0.1.3680043.29183,1
1.2.826.0.1.3680043.29194,3
1.2.826.0.1.3680043.2920,2
1.2.826.0.1.3680043.29213,4
1.2.826.0.1.3680043.29218,0
1.2.826.0.1.3680043.2923,4
1.2.826.0.1.3680043.29243,2
1.2.826.0.1.3680043.29258,1
1.2.826.0.1.3680043.29261,4
1.2.826.0.1.3680043.29287,4
1.2.826.0.1.3680043.29329,0
1.2.826.0.1.3680043.29330,0
1.2.826.0.1.3680043.29351,2
1.2.826.0.1.3680043.29378,2
1.2.826.0.1.3680043.29396,4
1.2.826.0.1.3680043.29397,0
1.2.826.0.1.3680043.29409,4
1.2.826.0.1.3680043.29425,0
1.2.826.0.1.3680043.29457,2
1.2.826.0.1.3680043.29469,1
1.2.826.0.1.3680043.29539,4
1.2.826.0.1.3680043.29548,3
1.2.826.0.1.3680043.29571,3
1.2.826.0.1.3680043.29631,2
1.2.826.0.1.3680043.29650,1
1.2.826.0.1.3680043.29668,2
1.2.826.0.1.3680043.2967,4
1.2.826.0.1.3680043.29671,1
1.2.826.0.1.3680043.29747,4
1.2.826.0.1.3680043.29778,2
1.2.826.0.1.3680043.29791,3
1.2.826.0.1.3680043.29795,1
1.2.826.0.1.3680043.29804,1
1.2.826.0.1.3680043.29805,2
1.2.826.0.1.3680043.29807,2
1.2.826.0.1.3680043.29833,3
1.2.826.0.1.3680043.29837,1
1.2.826.0.1.3680043.29865,4
1.2.826.0.1.3680043.29872,2
1.2.826.0.1.3680043.29876,3
1.2.826.0.1.3680043.29878,0
1.2.826.0.1.3680043.29882,3
1.2.826.0.1.3680043.29889,0
1.2.826.0.1.3680043.29892,0
1.2.826.0.1.3680043.29924,0
1.2.826.0.1.3680043.29949,1
1.2.826.0.1.3680043.29968,1
1.2.826.0.1.3680043.2998,0
1.2.826.0.1.3680043.29986,4
1.2.826.0.1.3680043.29993,1
1.2.826.0.1.3680043.30020,1
1.2.826.0.1.3680043.30030,1
1.2.826.0.1.3680043.30037,0
1.2.826.0.1.3680043.30038,1
1.2.826.0.1.3680043.30039,3
1.2.826.0.1.3680043.3004,3
1.2.826.0.1.3680043.30051,0
1.2.826.0.1.3680043.30055,3
1.2.826.0.1.3680043.30067,2
1.2.826.0.1.3680043.30089,1
1.2.826.0.1.3680043.30122,4
1.2.826.0.1.3680043.30134,4
1.2.826.0.1.3680043.30177,3
1.2.826.0.1.3680043.30185,4
1.2.826.0.1.3680043.3020,1
1.2.826.0.1.3680043.30201,2
1.2.826.0.1.3680043.30213,3
1.2.826.0.1.3680043.30219,2
1.2.826.0.1.3680043.30221,0
1.2.826.0.1.3680043.30238,2
1.2.826.0.1.3680043.30240,0
1.2.826.0.1.3680043.30277,1
1.2.826.0.1.3680043.30282,2
1.2.826.0.1.3680043.30306,3
1.2.826.0.1.3680043.30307,4
1.2.826.0.1.3680043.30350,2
1.2.826.0.1.3680043.30366,3
1.2.826.0.1.3680043.30382,0
1.2.826.0.1.3680043.30408,3
1.2.826.0.1.3680043.30437,3
1.2.826.0.1.3680043.30442,0
1.2.826.0.1.3680043.30451,4
1.2.826.0.1.3680043.30465,4
1.2.826.0.1.3680043.30475,2
1.2.826.0.1.3680043.30487,0
1.2.826.0.1.3680043.30498,4
1.2.826.0.1.3680043.30505,2
1.2.826.0.1.3680043.30509,0
1.2.826.0.1.3680043.3051,2
1.2.826.0.1.3680043.30511,1
1.2.826.0.1.3680043.30515,4
1.2.826.0.1.3680043.30524,0
1.2.826.0.1.3680043.30539,0
1.2.826.0.1.3680043.30549,4
1.2.826.0.1.3680043.30565,0
1.2.826.0.1.3680043.30574,1
1.2.826.0.1.3680043.30604,0
1.2.826.0.1.3680043.30610,1
1.2.826.0.1.3680043.30640,1
1.2.826.0.1.3680043.30657,0
1.2.826.0.1.3680043.30682,0
1.2.826.0.1.3680043.30683,3
1.2.826.0.1.3680043.30708,2
1.2.826.0.1.3680043.30713,4
1.2.826.0.1.3680043.3072,0
1.2.826.0.1.3680043.30731,2
1.2.826.0.1.3680043.30741,4
1.2.826.0.1.3680043.30765,2
1.2.826.0.1.3680043.30778,0
1.2.826.0.1.3680043.30787,0
1.2.826.0.1.3680043.30795,2
1.2.826.0.1.3680043.30797,0
1.2.826.0.1.3680043.308,4
1.2.826.0.1.3680043.30831,3
1.2.826.0.1.3680043.30864,0
1.2.826.0.1.3680043.30880,2
1.2.826.0.1.3680043.30899,1
1.2.826.0.1.3680043.30905,2
1.2.826.0.1.3680043.30911,1
1.2.826.0.1.3680043.30912,0
1.2.826.0.1.3680043.30914,4
1.2.826.0.1.3680043.30985,2
1.2.826.0.1.3680043.31002,2
1.2.826.0.1.3680043.31005,3
1.2.826.0.1.3680043.31017,4
1.2.826.0.1.3680043.31026,3
1.2.826.0.1.3680043.31040,2
1.2.826.0.1.3680043.31041,2
1.2.826.0.1.3680043.31067,1
1.2.826.0.1.3680043.31072,3
1.2.826.0.1.3680043.31077,2
1.2.826.0.1.3680043.31083,3
1.2.826.0.1.3680043.31088,1
1.2.826.0.1.3680043.31114,4
1.2.826.0.1.3680043.31151,1
1.2.826.0.1.3680043.3117,4
1.2.826.0.1.3680043.31205,3
1.2.826.0.1.3680043.3121,1
1.2.826.0.1.3680043.31245,1
1.2.826.0.1.3680043.31264,3
1.2.826.0.1.3680043.3127,4
1.2.826.0.1.3680043.3130,1
1.2.826.0.1.3680043.3131,4
1.2.826.0.1.3680043.31328,2
1.2.826.0.1.3680043.31351,3
1.2.826.0.1.3680043.31352,0
1.2.826.0.1.3680043.31357,3
1.2.826.0.1.3680043.31368,1
1.2.826.0.1.3680043.31370,3
1.2.826.0.1.3680043.31379,0
1.2.826.0.1.3680043.31394,2
1.2.826.0.1.3680043.31409,2
1.2.826.0.1.3680043.31411,4
1.2.826.0.1.3680043.31419,2
1.2.826.0.1.3680043.31446,3
1.2.826.0.1.3680043.31450,4
1.2.826.0.1.3680043.31475,4
1.2.826.0.1.3680043.31532,1
1.2.826.0.1.3680043.31552,3
1.2.826.0.1.3680043.31569,2
1.2.826.0.1.3680043.31580,1
1.2.826.0.1.3680043.31581,0
1.2.826.0.1.3680043.31587,1
1.2.826.0.1.3680043.31595,0
1.2.826.0.1.3680043.31621,3
1.2.826.0.1.3680043.31629,0
1.2.826.0.1.3680043.3163,1
1.2.826.0.1.3680043.31642,3
1.2.826.0.1.3680043.31643,3
1.2.826.0.1.3680043.31658,0
1.2.826.0.1.3680043.3168,1
1.2.826.0.1.3680043.31681,2
1.2.826.0.1.3680043.31701,0
1.2.826.0.1.3680043.31718,2
1.2.826.0.1.3680043.31724,1
1.2.826.0.1.3680043.31738,1
1.2.826.0.1.3680043.31757,0
1.2.826.0.1.3680043.31841,3
1.2.826.0.1.3680043.31860,2
1.2.826.0.1.3680043.31900,4
1.2.826.0.1.3680043.31906,4
1.2.826.0.1.3680043.31907,0
1.2.826.0.1.3680043.31921,0
1.2.826.0.1.3680043.31977,2
1.2.826.0.1.3680043.31988,1
1.2.826.0.1.3680043.31995,4
1.2.826.0.1.3680043.32005,1
1.2.826.0.1.3680043.32017,1
1.2.826.0.1.3680043.32020,2
1.2.826.0.1.3680043.32023,2
1.2.826.0.1.3680043.32030,0
1.2.826.0.1.3680043.32046,2
1.2.826.0.1.3680043.32056,4
1.2.826.0.1.3680043.32063,1
1.2.826.0.1.3680043.32071,3
1.2.826.0.1.3680043.32076,4
1.2.826.0.1.3680043.3208,4
1.2.826.0.1.3680043.32081,3
1.2.826.0.1.3680043.32151,1
1.2.826.0.1.3680043.3216,0
1.2.826.0.1.3680043.32165,3
1.2.826.0.1.3680043.32190,1
1.2.826.0.1.3680043.3225,4
1.2.826.0.1.3680043.32263,1
1.2.826.0.1.3680043.32280,0
1.2.826.0.1.3680043.32291,4
1.2.826.0.1.3680043.32303,4
1.2.826.0.1.3680043.32323,1
1.2.826.0.1.3680043.3234,3
1.2.826.0.1.3680043.32357,2
1.2.826.0.1.3680043.32370,3
1.2.826.0.1.3680043.32387,4
1.2.826.0.1.3680043.324,0
1.2.826.0.1.3680043.3240,3
1.2.826.0.1.3680043.32426,4
1.2.826.0.1.3680043.32428,4
1.2.826.0.1.3680043.32434,2
1.2.826.0.1.3680043.32436,1
1.2.826.0.1.3680043.32447,1
1.2.826.0.1.3680043.32458,3
1.2.826.0.1.3680043.32461,1
1.2.826.0.1.3680043.32476,0
1.2.826.0.1.3680043.32480,1
1.2.826.0.1.3680043.32534,0
1.2.826.0.1.3680043.32535,3
1.2.826.0.1.3680043.32577,2
1.2.826.0.1.3680043.3258,2
1.2.826.0.1.3680043.32581,1
1.2.826.0.1.3680043.32585,4
1.2.826.0.1.3680043.32590,2
1.2.826.0.1.3680043.32597,0
1.2.826.0.1.3680043.32599,1
1.2.826.0.1.3680043.32627,4
1.2.826.0.1.3680043.32651,4
1.2.826.0.1.3680043.32658,0
1.2.826.0.1.3680043.32662,2
1.2.826.0.1.3680043.3267,3
1.2.826.0.1.3680043.32692,0
1.2.826.0.1.3680043.32693,2
1.2.826.0.1.3680043.3271,1
1.2.826.0.1.3680043.32721,2
1.2.826.0.1.3680043.32738,1
1.2.826.0.1.3680043.32754,1
1.2.826.0.1.3680043.32757,0
1.2.826.0.1.3680043.32766,1
1.2.826.0.1.3680043.32767,2
1.2.826.0.1.3680043.3302,0
1.2.826.0.1.3680043.3306,0
1.2.826.0.1.3680043.3309,3
1.2.826.0.1.3680043.3329,3
1.2.826.0.1.3680043.3331,3
1.2.826.0.1.3680043.3333,2
1.2.826.0.1.3680043.3376,3
1.2.826.0.1.3680043.3389,1
1.2.826.0.1.3680043.3397,1
1.2.826.0.1.3680043.3399,4
1.2.826.0.1.3680043.342,1
1.2.826.0.1.3680043.3424,4
1.2.826.0.1.3680043.3428,1
1.2.826.0.1.3680043.3433,4
1.2.826.0.1.3680043.3442,4
1.2.826.0.1.3680043.3448,0
1.2.826.0.1.3680043.3519,3
1.2.826.0.1.3680043.3540,1
1.2.826.0.1.3680043.3542,4
1.2.826.0.1.3680043.3551,2
1.2.826.0.1.3680043.3556,4
1.2.826.0.1.3680043.3558,3
1.2.826.0.1.3680043.3577,3
1.2.826.0.1.3680043.358,0
1.2.826.0.1.3680043.3591,4
1.2.826.0.1.3680043.3593,2
1.2.826.0.1.3680043.3618,0
1.2.826.0.1.3680043.3623,3
1.2.826.0.1.3680043.3629,3
1.2.826.0.1.3680043.3653,1
1.2.826.0.1.3680043.3670,2
1.2.826.0.1.3680043.3677,1
1.2.826.0.1.3680043.3709,1
1.2.826.0.1.3680043.3717,3
1.2.826.0.1.3680043.3721,4
1.2.826.0.1.3680043.3737,3
1.2.826.0.1.3680043.3749,0
1.2.826.0.1.3680043.3759,0
1.2.826.0.1.3680043.3766,0
1.2.826.0.1.3680043.3784,4
1.2.826.0.1.3680043.3801,3
1.2.826.0.1.3680043.3814,2
1.2.826.0.1.3680043.3820,0
1.2.826.0.1.3680043.3822,0
1.2.826.0.1.3680043.384,0
1.2.826.0.1.3680043.3850,3
1.2.826.0.1.3680043.3882,3
1.2.826.0.1.3680043.3887,2
1.2.826.0.1.3680043.3891,1
1.2.826.0.1.3680043.3927,2
1.2.826.0.1.3680043.3945,4
1.2.826.0.1.3680043.3953,1
1.2.826.0.1.3680043.3959,0
1.2.826.0.1.3680043.3992,1
1.2.826.0.1.3680043.4020,4
1.2.826.0.1.3680043.4021,4
1.2.826.0.1.3680043.4041,0
1.2.826.0.1.3680043.4053,2
1.2.826.0.1.3680043.4055,1
1.2.826.0.1.3680043.4074,4
1.2.826.0.1.3680043.4075,1
1.2.826.0.1.3680043.4077,3
1.2.826.0.1.3680043.4110,3
1.2.826.0.1.3680043.4112,2
1.2.826.0.1.3680043.4131,4
1.2.826.0.1.3680043.4164,4
1.2.826.0.1.3680043.4167,3
1.2.826.0.1.3680043.4183,3
1.2.826.0.1.3680043.4191,1
1.2.826.0.1.3680043.4196,0
1.2.826.0.1.3680043.4202,0
1.2.826.0.1.3680043.4204,3
1.2.826.0.1.3680043.4215,0
1.2.826.0.1.3680043.4216,1
1.2.826.0.1.3680043.4245,1
1.2.826.0.1.3680043.4253,2
1.2.826.0.1.3680043.4270,3
1.2.826.0.1.3680043.4271,0
1.2.826.0.1.3680043.4338,0
1.2.826.0.1.3680043.4345,0
1.2.826.0.1.3680043.4359,3
1.2.826.0.1.3680043.4386,0
1.2.826.0.1.3680043.4388,1
1.2.826.0.1.3680043.4438,4
1.2.826.0.1.3680043.4449,4
1.2.826.0.1.3680043.4456,3
1.2.826.0.1.3680043.4460,4
1.2.826.0.1.3680043.4469,4
1.2.826.0.1.3680043.4509,0
1.2.826.0.1.3680043.4517,2
1.2.826.0.1.3680043.4553,3
1.2.826.0.1.3680043.4560,1
1.2.826.0.1.3680043.4561,2
1.2.826.0.1.3680043.4573,4
1.2.826.0.1.3680043.4594,1
1.2.826.0.1.3680043.4615,0
1.2.826.0.1.3680043.4622,3
1.2.826.0.1.3680043.4644,3
1.2.826.0.1.3680043.4663,3
1.2.826.0.1.3680043.4669,1
1.2.826.0.1.3680043.4677,0
1.2.826.0.1.3680043.4678,1
1.2.826.0.1.3680043.4691,2
1.2.826.0.1.3680043.4716,4
1.2.826.0.1.3680043.4722,0
1.2.826.0.1.3680043.4736,3
1.2.826.0.1.3680043.4740,0
1.2.826.0.1.3680043.4744,1
1.2.826.0.1.3680043.4765,1
1.2.826.0.1.3680043.4769,0
1.2.826.0.1.3680043.4774,3
1.2.826.0.1.3680043.4786,3
1.2.826.0.1.3680043.4802,1
1.2.826.0.1.3680043.4818,4
1.2.826.0.1.3680043.482,2
1.2.826.0.1.3680043.4842,2
1.2.826.0.1.3680043.4859,3
1.2.826.0.1.3680043.4860,2
1.2.826.0.1.3680043.4869,3
1.2.826.0.1.3680043.4936,4
1.2.826.0.1.3680043.5002,1
1.2.826.0.1.3680043.5009,2
1.2.826.0.1.3680043.501,2
1.2.826.0.1.3680043.5023,1
1.2.826.0.1.3680043.5039,2
1.2.826.0.1.3680043.5043,4
1.2.826.0.1.3680043.5055,1
1.2.826.0.1.3680043.5071,0
1.2.826.0.1.3680043.510,3
1.2.826.0.1.3680043.5118,2
1.2.826.0.1.3680043.5120,1
1.2.826.0.1.3680043.5126,2
1.2.826.0.1.3680043.5133,1
1.2.826.0.1.3680043.5134,2
1.2.826.0.1.3680043.5135,4
1.2.826.0.1.3680043.5153,1
1.2.826.0.1.3680043.5174,2
1.2.826.0.1.3680043.5227,1
1.2.826.0.1.3680043.5276,2
1.2.826.0.1.3680043.5283,1
1.2.826.0.1.3680043.53,4
1.2.826.0.1.3680043.5318,0
1.2.826.0.1.3680043.5350,3
1.2.826.0.1.3680043.5359,1
1.2.826.0.1.3680043.5374,3
1.2.826.0.1.3680043.5383,4
1.2.826.0.1.3680043.539,2
1.2.826.0.1.3680043.5392,3
1.2.826.0.1.3680043.5393,3
1.2.826.0.1.3680043.5420,2
1.2.826.0.1.3680043.5425,3
1.2.826.0.1.3680043.5427,0
1.2.826.0.1.3680043.5474,1
1.2.826.0.1.3680043.5476,4
1.2.826.0.1.3680043.5482,1
1.2.826.0.1.3680043.5509,3
1.2.826.0.1.3680043.5541,2
1.2.826.0.1.3680043.5563,0
1.2.826.0.1.3680043.5565,4
1.2.826.0.1.3680043.5571,4
1.2.826.0.1.3680043.5572,2
1.2.826.0.1.3680043.5581,2
1.2.826.0.1.3680043.5596,3
1.2.826.0.1.3680043.5637,2
1.2.826.0.1.3680043.5647,1
1.2.826.0.1.3680043.5671,0
1.2.826.0.1.3680043.5687,3
1.2.826.0.1.3680043.5699,2
1.2.826.0.1.3680043.575,3
1.2.826.0.1.3680043.5753,3
1.2.826.0.1.3680043.5772,0
1.2.826.0.1.3680043.5778,0
1.2.826.0.1.3680043.5779,4
1.2.826.0.1.3680043.5782,0
1.2.826.0.1.3680043.5783,1
1.2.826.0.1.3680043.5805,3
1.2.826.0.1.3680043.581,0
1.2.826.0.1.3680043.5812,3
1.2.826.0.1.3680043.5864,2
1.2.826.0.1.3680043.5903,2
1.2.826.0.1.3680043.5934,0
1.2.826.0.1.3680043.5938,2
1.2.826.0.1.3680043.5949,3
1.2.826.0.1.3680043.5957,0
1.2.826.0.1.3680043.6000,0
1.2.826.0.1.3680043.6005,3
1.2.826.0.1.3680043.601,0
1.2.826.0.1.3680043.6067,1
1.2.826.0.1.3680043.6068,1
1.2.826.0.1.3680043.6073,4
1.2.826.0.1.3680043.6077,0
1.2.826.0.1.3680043.6078,3
1.2.826.0.1.3680043.6085,2
1.2.826.0.1.3680043.61,3
1.2.826.0.1.3680043.6100,1
1.2.826.0.1.3680043.611,4
1.2.826.0.1.3680043.6125,2
1.2.826.0.1.3680043.6145,4
1.2.826.0.1.3680043.6200,2
1.2.826.0.1.3680043.6225,3
1.2.826.0.1.3680043.6226,1
1.2.826.0.1.3680043.6235,1
1.2.826.0.1.3680043.6245,4
1.2.826.0.1.3680043.6253,2
1.2.826.0.1.3680043.6281,2
1.2.826.0.1.3680043.6287,0
1.2.826.0.1.3680043.6316,2
1.2.826.0.1.3680043.6318,2
1.2.826.0.1.3680043.632,3
1.2.826.0.1.3680043.634,4
1.2.826.0.1.3680043.6349,1
1.2.826.0.1.3680043.6358,2
1.2.826.0.1.3680043.6364,2
1.2.826.0.1.3680043.6370,3
1.2.826.0.1.3680043.6373,0
1.2.826.0.1.3680043.6376,1
1.2.826.0.1.3680043.6398,4
1.2.826.0.1.3680043.6402,3
1.2.826.0.1.3680043.6404,1
1.2.826.0.1.3680043.6409,1
1.2.826.0.1.3680043.6439,4
1.2.826.0.1.3680043.6447,4
1.2.826.0.1.3680043.645,1
1.2.826.0.1.3680043.6451,0
1.2.826.0.1.3680043.6464,3
1.2.826.0.1.3680043.6506,1
1.2.826.0.1.3680043.6516,3
1.2.826.0.1.3680043.6537,3
1.2.826.0.1.3680043.6539,3
1.2.826.0.1.3680043.6548,2
1.2.826.0.1.3680043.6553,1
1.2.826.0.1.3680043.6555,0
1.2.826.0.1.3680043.6561,2
1.2.826.0.1.3680043.6580,0
1.2.826.0.1.3680043.660,2
1.2.826.0.1.3680043.6620,4
1.2.826.0.1.3680043.6668,2
1.2.826.0.1.3680043.6671,3
1.2.826.0.1.3680043.6691,0
1.2.826.0.1.3680043.6714,2
1.2.826.0.1.3680043.6728,0
1.2.826.0.1.3680043.6729,4
1.2.826.0.1.3680043.6732,1
1.2.826.0.1.3680043.6739,3
1.2.826.0.1.3680043.674,2
1.2.826.0.1.3680043.6741,0
1.2.826.0.1.3680043.6774,0
1.2.826.0.1.3680043.678,3
1.2.826.0.1.3680043.6786,2
1.2.826.0.1.3680043.6814,3
1.2.826.0.1.3680043.6826,4
1.2.826.0.1.3680043.6836,2
1.2.826.0.1.3680043.6852,4
1.2.826.0.1.3680043.6854,3
1.2.826.0.1.3680043.6862,3
1.2.826.0.1.3680043.6882,4
1.2.826.0.1.3680043.6883,2
1.2.826.0.1.3680043.6888,4
1.2.826.0.1.3680043.689,3
1.2.826.0.1.3680043.6892,4
1.2.826.0.1.3680043.6901,3
1.2.826.0.1.3680043.6917,3
1.2.826.0.1.3680043.6944,2
1.2.826.0.1.3680043.6959,4
1.2.826.0.1.3680043.696,1
1.2.826.0.1.3680043.6979,1
1.2.826.0.1.3680043.699,4
1.2.826.0.1.3680043.6991,1
1.2.826.0.1.3680043.7025,4
1.2.826.0.1.3680043.7054,3
1.2.826.0.1.3680043.7055,0
1.2.826.0.1.3680043.7059,0
1.2.826.0.1.3680043.706,4
1.2.826.0.1.3680043.7077,1
1.2.826.0.1.3680043.7082,0
1.2.826.0.1.3680043.7124,3
1.2.826.0.1.3680043.7137,2
1.2.826.0.1.3680043.7147,0
1.2.826.0.1.3680043.7167,2
1.2.826.0.1.3680043.719,2
1.2.826.0.1.3680043.7195,3
1.2.826.0.1.3680043.7209,2
1.2.826.0.1.3680043.7221,1
1.2.826.0.1.3680043.7224,0
1.2.826.0.1.3680043.7245,0
1.2.826.0.1.3680043.7247,4
1.2.826.0.1.3680043.7284,3
1.2.826.0.1.3680043.7333,3
1.2.826.0.1.3680043.7334,0
1.2.826.0.1.3680043.7343,4
1.2.826.0.1.3680043.7351,0
1.2.826.0.1.3680043.7361,2
1.2.826.0.1.3680043.7381,2
1.2.826.0.1.3680043.7391,3
1.2.826.0.1.3680043.7399,1
1.2.826.0.1.3680043.7408,1
1.2.826.0.1.3680043.7422,0
1.2.826.0.1.3680043.7432,2
1.2.826.0.1.3680043.7442,3
1.2.826.0.1.3680043.7458,3
1.2.826.0.1.3680043.7479,4
1.2.826.0.1.3680043.7495,4
1.2.826.0.1.3680043.7497,4
1.2.826.0.1.3680043.7498,4
1.2.826.0.1.3680043.7508,3
1.2.826.0.1.3680043.7543,1
1.2.826.0.1.3680043.7550,4
1.2.826.0.1.3680043.7564,1
1.2.826.0.1.3680043.7575,1
1.2.826.0.1.3680043.7625,3
1.2.826.0.1.3680043.7657,4
1.2.826.0.1.3680043.7668,3
1.2.826.0.1.3680043.7672,2
1.2.826.0.1.3680043.7673,3
1.2.826.0.1.3680043.7680,4
1.2.826.0.1.3680043.7704,2
1.2.826.0.1.3680043.772,4
1.2.826.0.1.3680043.7736,1
1.2.826.0.1.3680043.7778,3
1.2.826.0.1.3680043.7781,2
1.2.826.0.1.3680043.7791,0
1.2.826.0.1.3680043.7792,0
1.2.826.0.1.3680043.780,3
1.2.826.0.1.3680043.7802,3
1.2.826.0.1.3680043.7808,2
1.2.826.0.1.3680043.7824,3
1.2.826.0.1.3680043.7829,1
1.2.826.0.1.3680043.7831,3
1.2.826.0.1.3680043.7852,0
1.2.826.0.1.3680043.7901,2
1.2.826.0.1.3680043.7923,0
1.2.826.0.1.3680043.7926,0
1.2.826.0.1.3680043.7942,1
1.2.826.0.1.3680043.7957,2
1.2.826.0.1.3680043.7988,4
1.2.826.0.1.3680043.7990,4
1.2.826.0.1.3680043.7998,3
1.2.826.0.1.3680043.8001,4
1.2.826.0.1.3680043.8005,1
1.2.826.0.1.3680043.8024,1
1.2.826.0.1.3680043.8030,2
1.2.826.0.1.3680043.8043,1
1.2.826.0.1.3680043.8049,2
1.2.826.0.1.3680043.8089,1
1.2.826.0.1.3680043.809,4
1.2.826.0.1.3680043.8116,0
1.2.826.0.1.3680043.8139,3
1.2.826.0.1.3680043.8149,0
1.2.826.0.1.3680043.8198,3
1.2.826.0.1.3680043.8215,4
1.2.826.0.1.3680043.823,2
1.2.826.0.1.3680043.824,2
1.2.826.0.1.3680043.8267,2
1.2.826.0.1.3680043.8268,3
1.2.826.0.1.3680043.8312,4
1.2.826.0.1.3680043.8324,4
1.2.826.0.1.3680043.8330,0
1.2.826.0.1.3680043.8367,0
1.2.826.0.1.3680043.8368,2
1.2.826.0.1.3680043.8372,1
1.2.826.0.1.3680043.8379,4
1.2.826.0.1.3680043.8385,0
1.2.826.0.1.3680043.8391,4
1.2.826.0.1.3680043.8407,2
1.2.826.0.1.3680043.8421,4
1.2.826.0.1.3680043.8423,0
1.2.826.0.1.3680043.8424,2
1.2.826.0.1.3680043.8448,3
1.2.826.0.1.3680043.8458,2
1.2.826.0.1.3680043.8477,0
1.2.826.0.1.3680043.8486,0
1.2.826.0.1.3680043.849,3
1.2.826.0.1.3680043.8511,0
1.2.826.0.1.3680043.8519,4
1.2.826.0.1.3680043.8527,1
1.2.826.0.1.3680043.8533,0
1.2.826.0.1.3680043.8548,3
1.2.826.0.1.3680043.8559,2
1.2.826.0.1.3680043.8562,1
1.2.826.0.1.3680043.8574,3
1.2.826.0.1.3680043.8580,4
1.2.826.0.1.3680043.8611,4
1.2.826.0.1.3680043.8617,0
1.2.826.0.1.3680043.8628,1
1.2.826.0.1.3680043.8635,4
1.2.826.0.1.3680043.8642,4
1.2.826.0.1.3680043.8662,0
1.2.826.0.1.3680043.8665,1
1.2.826.0.1.3680043.8674,3
1.2.826.0.1.3680043.8676,0
1.2.826.0.1.3680043.8693,3
1.2.826.0.1.3680043.8702,2
1.2.826.0.1.3680043.8713,4
1.2.826.0.1.3680043.872,4
1.2.826.0.1.3680043.8731,0
1.2.826.0.1.3680043.8744,4
1.2.826.0.1.3680043.8759,2
1.2.826.0.1.3680043.8792,2
1.2.826.0.1.3680043.8820,3
1.2.826.0.1.3680043.8836,1
1.2.826.0.1.3680043.8847,4
1.2.826.0.1.3680043.8858,2
1.2.826.0.1.3680043.8873,0
1.2.826.0.1.3680043.8884,3
1.2.826.0.1.3680043.8907,0
1.2.826.0.1.3680043.8925,3
1.2.826.0.1.3680043.8935,3
1.2.826.0.1.3680043.8938,0
1.2.826.0.1.3680043.8939,1
1.2.826.0.1.3680043.8942,2
1.2.826.0.1.3680043.8955,2
1.2.826.0.1.3680043.8968,3
1.2.826.0.1.3680043.8972,2
1.2.826.0.1.3680043.8990,1
1.2.826.0.1.3680043.9022,1
1.2.826.0.1.3680043.9027,3
1.2.826.0.1.3680043.9028,3
1.2.826.0.1.3680043.9054,3
1.2.826.0.1.3680043.9121,3
1.2.826.0.1.3680043.9142,2
1.2.826.0.1.3680043.9145,3
1.2.826.0.1.3680043.9147,3
1.2.826.0.1.3680043.9155,1
1.2.826.0.1.3680043.9160,2
1.2.826.0.1.3680043.9176,1
1.2.826.0.1.3680043.918,1
1.2.826.0.1.3680043.9221,1
1.2.826.0.1.3680043.9222,1
1.2.826.0.1.3680043.9226,0
1.2.826.0.1.3680043.9236,4
1.2.826.0.1.3680043.9239,0
1.2.826.0.1.3680043.925,4
1.2.826.0.1.3680043.9283,2
1.2.826.0.1.3680043.9286,4
1.2.826.0.1.3680043.9290,3
1.2.826.0.1.3680043.9295,4
1.2.826.0.1.3680043.9308,2
1.2.826.0.1.3680043.9324,2
1.2.826.0.1.3680043.933,1
1.2.826.0.1.3680043.9336,4
1.2.826.0.1.3680043.934,2
1.2.826.0.1.3680043.9354,0
1.2.826.0.1.3680043.9357,3
1.2.826.0.1.3680043.9405,3
1.2.826.0.1.3680043.941,4
1.2.826.0.1.3680043.9443,0
1.2.826.0.1.3680043.9447,1
1.2.826.0.1.3680043.9488,0
1.2.826.0.1.3680043.9506,2
1.2.826.0.1.3680043.9548,3
1.2.826.0.1.3680043.9625,0
1.2.826.0.1.3680043.9647,3
1.2.826.0.1.3680043.9678,2
1.2.826.0.1.3680043.9774,4
1.2.826.0.1.3680043.9784,3
1.2.826.0.1.3680043.979,3
1.2.826.0.1.3680043.9796,3
1.2.826.0.1.3680043.9809,0
1.2.826.0.1.3680043.9811,3
1.2.826.0.1.3680043.9863,1
1.2.826.0.1.3680043.9886,3
1.2.826.0.1.3680043.9898,4
1.2.826.0.1.3680043.9904,3
1.2.826.0.1.3680043.9921,3
1.2.826.0.1.3680043.9926,4
1.2.826.0.1.3680043.9940,3
1.2.826.0.1.3680043.9994,1
1.2.826.0.1.3680043.9996,1
1.2.826.0.1.3680043.9997,1
